﻿<?xml version="1.0" encoding="utf-8"?>
<StructureDefinition xmlns="http://hl7.org/fhir">
  <url value="http://example.org/fhir/StructureDefinition/awh-questionnaireResponse-basic" />
  <name value="QuestionnaireResponse" />
  <status value="draft" />
  <fhirVersion value="3.0.1" />
  <kind value="resource" />
  <abstract value="false" />
  <type value="QuestionnaireResponse" />
  <baseDefinition value="http://hl7.org/fhir/StructureDefinition/QuestionnaireResponse" />
  <derivation value="constraint" />
</StructureDefinition>