﻿<?xml version="1.0" encoding="utf-8"?>
<StructureDefinition xmlns="http://hl7.org/fhir">
  <url value="http://example.org/fhir/StructureDefinition/awh-questionnaire-basic" />
  <version value="0.0.2" />
  <name value="Questionnaire" />
  <status value="draft" />
  <fhirVersion value="3.0.1" />
  <kind value="resource" />
  <abstract value="false" />
  <type value="Questionnaire" />
  <baseDefinition value="http://hl7.org/fhir/StructureDefinition/Questionnaire" />
  <derivation value="constraint" />
  <differential>
    <element id="Questionnaire.experimental">
      <path value="Questionnaire.experimental" />
      <max value="0" />
    </element>
  </differential>
</StructureDefinition>