{
  "resourceType": "Bundle",
  "id": "cf-1532605876905",
  "type": "collection",
  "entry": [
    {
      "fullUrl": "http://hapi.fhir.org/baseDstu3/Questionnaire/cf-1532605014577",
      "resource": {
        "resourceType": "Questionnaire",
        "text": {
          "status": "generated",
          "div": "<div xmlns='http://www.w3.org/1999/xhtml'>Vital Signs Questionnaire<a name='mm'/></div>"
        },
        "jurisdiction": [
          {
            "coding": [
              {
                "system": "urn:iso:std:iso:3166",
                "code": "KH",
                "display": "Cambodia"
              }
            ]
          }
        ],
        "identifier": [
          {
            "value": "awh-questionnaire-vitalsigns"
          }
        ],
        "contained": [
          {
            "resourceType": "ValueSet",
            "id": "reference-contained-options",
            "identifier": [
              {
                "system": "http://hl7.org",
                "value": "http://hl7.org/fhir/administrative-gender"
              }
            ],
            "name": "Administrative Gender",
            "status": "active",
            "description": "Gender",
            "compose": {
              "include": [
                {
                  "system": "http://hl7.org",
                  "concept": [
                    {
                      "code": "option 1",
                      "display": "option 1"
                    },
                    {
                      "code": "option 2",
                      "display": "option 2"
                    }
                  ]
                }
              ]
            }
          }
        ],
        "url": "http://hapi.fhir.org/baseDstu3/Questionnaire/cf-1532605014577",
        "id": "cf-1532605014577",
        "version": "0.0.1",
        "name": "Lifestyle Questionnaire",
        "title": "Lifestyle Questionnaire",
        "status": "active",
        "experimental": false,
        "date": "2018-07-03",
        "description": "Questionnaire for Lifestyle",
        "purpose": "Questionnaire for Lifestyle",
        "approvalDate": "2018-07-03",
        "lastReviewDate": "2018-07-03",
        "effectivePeriod": {
          "start": "2018-07-03",
          "end": "2019-07-03"
        },
        "publisher": "Allied World Healthcare",
        "copyright": "Creative Commons",
        "subjectType": [
          "Patient",
          "Person",
          "RelatedPerson"
        ],
        "item": [
          {
            "linkId": "110",
            "text": "This is the generic meta-data of an item?",
            "prefix": "a.",
            "readOnly": false,
            "maxLength": 20,
            "repeats": false,
            "type": "string",
            "required": false,
            "initialString": "default value"
          },
          {
            "linkId": "11",
            "text": "This is a question with integer answer?",
            "type": "integer",
            "required": true
          },
          {
            "linkId": "12",
            "text": "This is a question with a default integer answer?",
            "type": "integer",
            "required": true,
            "initialInteger": 1
          },
          {
            "linkId": "13",
            "text": "This is a question with decimal answer?",
            "type": "decimal",
            "required": true
          },
          {
            "linkId": "14",
            "text": "This is a question with a default decimal answer?",
            "type": "decimal",
            "required": true,
            "initialDecimal": 1.01
          },
          {
            "linkId": "10",
            "text": "This is a question with string answer?",
            "type": "string",
            "required": true,
            "maxLength": 20,
            "readOnly": false
          },
          {
            "linkId": "20",
            "text": "This is a question with default string value?",
            "type": "string",
            "required": false,
            "maxLength": 20,
            "initialString": "this is a default string value"
          },
          {
            "linkId": "60",
            "text": "This is a question with boolean answer?",
            "type": "boolean",
            "required": false
          },
          {
            "linkId": "23",
            "text": "This is a question with default boolean value?",
            "type": "string",
            "required": false,
            "maxLength": 10,
            "initialBoolean": true
          },
          {
            "linkId": "50",
            "text": "This is a question with birthdate answer?",
            "type": "date",
            "required": false
          },
          {
            "linkId": "0",
            "text": "This is a question with grouping?",
            "type": "group",
            "item": [
              {
                "linkId": "0.1",
                "text": "this is a 1st question within a group?",
                "type": "string",
                "required": false,
                "maxLength": 20,
                "initialString": "official"
              },
              {
                "linkId": "0.2",
                "text": "this is a 2nd question within a group?",
                "type": "string",
                "required": true,
                "maxLength": 20
              }
            ]
          },
          {
            "linkId": "210",
            "text": "This is a multiple question (radio button) with external referenced options?",
            "type": "open-choice",
            "options": {
              "reference": "http://hl7.org/fhir/ValueSet/administrative-gender"
            }
          },
          {
            "linkId": "21",
            "text": "This is a multiple question (checkbox) with external referenced options?",
            "type": "choice",
            "options": {
              "reference": "http://hl7.org/fhir/ValueSet/administrative-gender"
            }
          },
          {
            "linkId": "40",
            "text": "This is a multiple question (radio botton) with contained referenced options?",
            "type": "choice",
            "options": {
              "reference": "#reference-contained-options"
            }
          },
          {
            "linkId": "41",
            "text": "This is a multiple question (radio botton) with embedded options?",
            "type": "choice",
            "option": [
              {
                "valueCoding": {
                  "system": "http://hl7.org",
                  "code": "option 1",
                  "display": "option 1"
                }
              },
              {
                "valueCoding": {
                  "system": "http://hl7.org",
                  "code": "option 2",
                  "display": "option 2"
                }
              }
            ]
          },
          {
            "linkId": "22",
            "text": "This is a string question with dependency to the embedded options value?",
            "type": "string",
            "required": false,
            "maxLength": 20,
            "enableWhen": [
              {
                "question": "41",
                "answerCoding": {
                  "system": "http://hl7.org",
                  "code": "option 2",
                  "display": "option 2"
                }
              }
            ]
          },
          {
            "linkId": "24",
            "text": "This is a string question with dependency to string question?",
            "type": "string",
            "required": false,
            "maxLength": 20,
            "enableWhen": [
              {
                "question": "10",
                "hasAnswer": true
              }
            ]
          },
          {
            "linkId": "240",
            "text": "This is a string question with dependency to boolean question?",
            "type": "string",
            "required": false,
            "maxLength": 20,
            "enableWhen": [
              {
                "question": "60",
                "hasAnswer": true
              }
            ]
          },
          {
            "linkId": "25",
            "text": "This is a multiple question (radio button) with dependency to the embedded options value?",
            "type": "choice",
            "enableWhen": [
              {
                "question": "41",
                "answerCoding": {
                  "system": "http://hl7.org",
                  "code": "option 2",
                  "display": "option 2"
                }
              }
            ],
            "options": {
              "reference": "#reference-contained-options"
            }
          }
        ]
      }
    },
    {
      "fullUrl": "http://hapi.fhir.org/baseDstu3/Questionnaire/cf-1532538313823",
      "resource": {
        "resourceType": "Questionnaire",
        "text": {
          "status": "generated",
          "div": "<div xmlns='http://www.w3.org/1999/xhtml'>Lifestyle Questionnaire<a name='mm'/></div>"
        },
        "jurisdiction": [
          {
            "coding": [
              {
                "system": "urn:iso:std:iso:3166",
                "code": "KH",
                "display": "Cambodia"
              }
            ]
          }
        ],
        "identifier": [
          {
            "value": "awh-questionnaire-lifestyle"
          }
        ],
        "contained": [
          {
            "resourceType": "ValueSet",
            "id": "reference-contained-options",
            "identifier": [
              {
                "system": "http://hl7.org",
                "value": "http://hl7.org/fhir/administrative-gender"
              }
            ],
            "name": "Administrative Gender",
            "status": "active",
            "description": "Gender",
            "compose": {
              "include": [
                {
                  "system": "http://hl7.org",
                  "concept": [
                    {
                      "code": "option 1",
                      "display": "option 1"
                    },
                    {
                      "code": "option 2",
                      "display": "option 2"
                    }
                  ]
                }
              ]
            }
          }
        ],
        "url": "http://hapi.fhir.org/baseDstu3/Questionnaire/cf-1532538313823",
        "id": "cf-1532538313823",
        "version": "0.0.1",
        "name": "Lifestyle Questionnaire",
        "title": "Lifestyle Questionnaire",
        "status": "active",
        "experimental": false,
        "date": "2018-07-03",
        "description": "Questionnaire for  Lifestyle",
        "purpose": "Questionnaire for Lifestyle",
        "approvalDate": "2018-07-03",
        "lastReviewDate": "2018-07-03",
        "effectivePeriod": {
          "start": "2018-07-03",
          "end": "2019-07-03"
        },
        "publisher": "Allied World Healthcare",
        "copyright": "Creative Commons",
        "subjectType": [
          "Patient",
          "Person",
          "RelatedPerson"
        ],
        "item": [
          {
            "linkId": "110",
            "text": "This is the generic meta-data of an item?",
            "prefix": "a.",
            "readOnly": false,
            "maxLength": 20,
            "repeats": false,
            "type": "string",
            "required": false,
            "initialString": "default value"
          },
          {
            "linkId": "11",
            "text": "This is a question with integer answer?",
            "type": "integer",
            "required": true
          },
          {
            "linkId": "12",
            "text": "This is a question with a default integer answer?",
            "type": "integer",
            "required": true,
            "initialInteger": 1
          },
          {
            "linkId": "13",
            "text": "This is a question with decimal answer?",
            "type": "decimal",
            "required": true
          },
          {
            "linkId": "14",
            "text": "This is a question with a default decimal answer?",
            "type": "decimal",
            "required": true,
            "initialDecimal": 1.01
          },
          {
            "linkId": "10",
            "text": "This is a question with string answer?",
            "type": "string",
            "required": true,
            "maxLength": 20,
            "readOnly": false
          },
          {
            "linkId": "20",
            "text": "This is a question with default string value?",
            "type": "string",
            "required": false,
            "maxLength": 20,
            "initialString": "this is a default string value"
          },
          {
            "linkId": "60",
            "text": "This is a question with boolean answer?",
            "type": "boolean",
            "required": false
          },
          {
            "linkId": "23",
            "text": "This is a question with default boolean value?",
            "type": "string",
            "required": false,
            "maxLength": 10,
            "initialBoolean": true
          },
          {
            "linkId": "50",
            "text": "This is a question with birthdate answer?",
            "type": "date",
            "required": false
          },
          {
            "linkId": "0",
            "text": "This is a question with grouping?",
            "type": "group",
            "item": [
              {
                "linkId": "0.1",
                "text": "this is a 1st question within a group?",
                "type": "string",
                "required": false,
                "maxLength": 20,
                "initialString": "official"
              },
              {
                "linkId": "0.2",
                "text": "this is a 2nd question within a group?",
                "type": "string",
                "required": true,
                "maxLength": 20
              }
            ]
          },
          {
            "linkId": "210",
            "text": "This is a multiple question (radio button) with external referenced options?",
            "type": "open-choice",
            "options": {
              "reference": "http://hl7.org/fhir/ValueSet/administrative-gender"
            }
          },
          {
            "linkId": "21",
            "text": "This is a multiple question (checkbox) with external referenced options?",
            "type": "choice",
            "options": {
              "reference": "http://hl7.org/fhir/ValueSet/administrative-gender"
            }
          },
          {
            "linkId": "40",
            "text": "This is a multiple question (radio botton) with contained referenced options?",
            "type": "choice",
            "options": {
              "reference": "#reference-contained-options"
            }
          },
          {
            "linkId": "41",
            "text": "This is a multiple question (radio botton) with embedded options?",
            "type": "choice",
            "option": [
              {
                "valueCoding": {
                  "system": "http://hl7.org",
                  "code": "option 1",
                  "display": "option 1"
                }
              },
              {
                "valueCoding": {
                  "system": "http://hl7.org",
                  "code": "option 2",
                  "display": "option 2"
                }
              }
            ]
          },
          {
            "linkId": "22",
            "text": "This is a string question with dependency to the embedded options value?",
            "type": "string",
            "required": false,
            "maxLength": 20,
            "enableWhen": [
              {
                "question": "41",
                "answerCoding": {
                  "system": "http://hl7.org",
                  "code": "option 2",
                  "display": "option 2"
                }
              }
            ]
          },
          {
            "linkId": "24",
            "text": "This is a string question with dependency to string question?",
            "type": "string",
            "required": false,
            "maxLength": 20,
            "enableWhen": [
              {
                "question": "10",
                "hasAnswer": true
              }
            ]
          },
          {
            "linkId": "240",
            "text": "This is a string question with dependency to boolean question?",
            "type": "string",
            "required": false,
            "maxLength": 20,
            "enableWhen": [
              {
                "question": "60",
                "hasAnswer": true
              }
            ]
          },
          {
            "linkId": "25",
            "text": "This is a multiple question (radio button) with dependency  to the embedded options value?",
            "type": "choice",
            "enableWhen": [
              {
                "question": "41",
                "answerCoding": {
                  "system": "http://hl7.org",
                  "code": "option 2",
                  "display": "option 2"
                }
              }
            ],
            "options": {
              "reference": "#reference-contained-options"
            }
          }
        ]
      }
    }
  ]
}