{
  "resourceType": "Practitioner",
  "text": {
    "status": "generated",
    "div": "<div xmlns='http://www.w3.org/1999/xhtml'>Dr. Quack - Community Physician<a name='mm'/></div>"
  },
  "id": "cf-1532538191476",
  "identifier": [
    {
      "value": "53fefa32-fcbb-4ff8-8a92-55ee120877b7",
      "system": "urn:uuid"
    }
  ],
  "active": true,
  "birthDate": "1960-02-10",
  "name": [
    {
      "use": "official",
      "prefix": [
        "Dr."
      ],
      "given": [
        "Quack",
        "Quail"
      ],
      "family": "Quartz",
      "suffix": [
        "Sr"
      ],
      "text": "Dr. Quack Quail Quartz Sr"
    }
  ],
  "address": [
    {
      "use": "home",
      "type": "physical",
      "line": [
        "First line",
        "Second line",
        "Third line"
      ],
      "city": "City",
      "district": "District",
      "state": "State",
      "postalCode": "Postal Code",
      "country": "Country",
      "text": "First line, Second line, Third line, CIty, District, State, Country, Postal Code"
    },
    {
      "use": "work",
      "type": "physical",
      "line": [
        "First line",
        "Second line",
        "Third line"
      ],
      "city": "City",
      "district": "District",
      "state": "State",
      "postalCode": "Postal Code",
      "country": "Country",
      "text": "First line, Second line, Third line, CIty, District, State, Country, Postal Code"
    }
  ],
  "telecom": [
    {
      "value": "6475265",
      "system": "phone",
      "use": "home"
    },
    {
      "value": "09151848953",
      "system": "other",
      "use": "mobile"
    },
    {
      "value": "6325395",
      "system": "phone",
      "use": "work"
    }
  ],
  "gender": "female",
  "qualification": [
    {
      "code": {
        "coding": [
          {
            "code": "MD",
            "system": "http://hl7.org/fhir/v2/0360/2.7",
            "display": "Doctor of Medicine"
          }
        ]
      },
      "period": {
        "start": "2002-02-26T16:00:00.000Z",
        "end": "2039-01-31T16:00:00.000Z"
      },
      "issuer": {
        "reference": "Organization/cf-1532538109883"
      }
    }
  ],
  "communication": [
    {
      "coding": [
        {
          "code": "en-AU",
          "system": "urn:ietf:bcp:47",
          "display": "English (Australia)"
        }
      ]
    }
  ]
}