{
  "resourceType": "Practitioner",
  "text": {
    "status": "generated",
    "div": "<div xmlns='http://www.w3.org/1999/xhtml'>Anj - CAM<a name='mm'/></div>"
  },
  "id": "cf-1532545346739",
  "active": true,
  "name": [
    {
      "use": "usual",
      "prefix": [
        "Mrs"
      ],
      "given": [
        "Judith",
        "Santos"
      ],
      "family": "Chua",
      "suffix": [
        "III"
      ],
      "text": "Mrs. Judith Santos Chua III."
    }
  ],
  "telecom": [
    {
      "value": "6475265",
      "system": "phone",
      "use": "home"
    },
    {
      "value": "09151848953",
      "system": "other",
      "use": "mobile"
    },
    {
      "value": "6325395",
      "system": "phone",
      "use": "work"
    }
  ],
  "gender": "female",
  "birthDate": "2003-12-10",
  "address": [
    {
      "use": "home",
      "type": "physical",
      "line": [
        "First line",
        "Second line",
        "Third line"
      ],
      "city": "City",
      "district": "District",
      "state": "State",
      "postalCode": "Postal Code",
      "country": "Country",
      "text": "First line, Second line, Third line, CIty, District, State, Country, Postal Code"
    },
    {
      "use": "work",
      "type": "physical",
      "line": [
        "First line",
        "Second line",
        "Third line"
      ],
      "city": "City",
      "district": "District",
      "state": "State",
      "postalCode": "Postal Code",
      "country": "Country",
      "text": "First line, Second line, Third line, CIty, District, State, Country, Postal Code"
    }
  ],
  "qualification": [
    {
      "code": {
        "coding": [
          {
            "code": "CAM",
            "system": "http://hl7.org/fhir/v2/0360/2.7",
            "display": "Community Access Manager"
          }
        ]
      },
      "issuer": {
        "reference": "Organization/cf-1532545358075"
      }
    }
  ]
}